POS	ALT	REF	Protein change	gene	EventsInClusters	SamplesWithMutation	NumberOfSamplesInClustersWithMutation	Lineages	AY.3	AY.25	AY.44	AY.103	B.1.617.2	SingletonsWithMutation	NumberOfSingletonsWithMutation	LineagesSingletons	Dataset	B.1.1.7
3674	T	A	ORF1ab:N1137Y	ORF1ab	2	deer/USA/OH-OSU-2069/2021,deer/USA/OH-OSU-2072/2021	2	AY.103,B.1.617.2									Delta	
6573	T	C	ORF1ab:S2103F	ORF1ab	2	deer/USA/OH-OSU-2222/2021,deer/USA/OH-OSU-1710/2021,deer/USA/OH-OSU-1734/2021	3	AY.25,AY.103	0.00123131768582636	0.000642620232172471	0.000639780380843812	0.00075532899318896	0.00145393300909138				Delta	
6936	T	C	ORF1ab:S2224F	ORF1ab	3	deer/USA/OH-OSU-1099/2021,deer/USA/OH-OSU-1111/2021,deer/USA/OH-OSU-2084/2021,deer/USA/OH-OSU-2083/2021,deer/USA/OH-OSU-2070/2021,deer/USA/OH-OSU-2088/2021	6	AY.25,AY.103	0.00521257820333159	0.000435323383084577	0.000744471715890981	0.00078148757303966	0.000625569285235534				Delta	
6990	T	C	ORF1ab:S2242F	ORF1ab	2	deer/USA/OH-OSU-1114/2021,deer/USA/OH-OSU-1106/2021,deer/USA/OH-OSU-1292/2021	3	AY.25,AY.39	0.00106127857683129	0.000912106135986733	0.00145404632009957	0.000925359762218509	0.00152955127433963				Delta	
7029	T	C	ORF1ab:S2255F	ORF1ab	2	deer/USA/OH-OSU-1434/2021,deer/USA/OH-OSU-2222/2021	2	AY.25	0.000375258723299462	0.000421503593145384	9.69364213399715e-05	0.000140602366697512	7.90554591231718e-05				Delta	
7113	T	C	ORF1ab:T2283I	ORF1ab	3	deer/USA/OH-OSU-1950/2021,deer/USA/OH-OSU-1243/2021,deer/USA/OH-OSU-2125/2021	3	AY.25,AY.103	0.00249195245941049	0.00124378109452736	0.000973241670253314	0.000644155028823485	0.00256070943681578				Delta	
19610	T	C	ORF1ab:T6449I	ORF1ab	2	deer/USA/OH-OSU-1710/2021,deer/USA/OH-OSU-2105/2021,deer/USA/OH-OSU-2126/2021	3	AY.103									Delta	
23604	A	G	S:A681H	S	1	deer/USA/OH-OSU-0716/2022	1	AY.103									Delta	
24914	C	G	S:D1118H	S	1	deer/USA/OH-OSU-2156/2021	1	AY.103					0.000343719387492052				Delta	
22988	A	G	S:G476S	S	1	deer/USA/OH-OSU-2070/2021	1	AY.103	0.000316624547783921	0.000179657269209508	0.000814265939255761	0.000441426034980561	0.00026466392836888				Delta	
21786	T	G	S:G75V	S	1	deer/USA/OH-OSU-2070/2021,deer/USA/OH-OSU-2088/2021	2	AY.103	0.000762244281702033	0.000953565505804312	0.00162853187851152	0.00151719763134059	0.00158110918246344				Delta	
21767	T	C	S:H69Y	S	2	deer/USA/OH-OSU-1703/2021,deer/USA/OH-OSU-1734/2021	2	AY.44,AY.103	0.000474936821675882	0.000248756218905473	0.000787123741280569	0.0012817704126843	0.00758588688194958				Delta	
22011	T	A	S:K150I	S	1	deer/USA/OH-OSU-2084/2021	1	AY.103		6.21890547263682e-05							Delta	
23142	T	C	S:P527L	S	1	deer/USA/OH-OSU-1833/2021	1	AY.44									Delta	
21648	T	C	S:T29I	S	1	deer/USA/OH-OSU-2125/2021	1	AY.25	0.000469073404124328	0.000628800442233278	0.000752226629598179	0.00319788638674806	0.000615257703610772				Delta	
23757	T	C	S:T732I	S	2	deer/USA/OH-OSU-2084/2021,deer/USA/OH-OSU-2083/2021,deer/USA/OH-OSU-2156/2021,deer/USA/OH-OSU-2158/2021,deer/USA/OH-OSU-2324/2021	5	AY.103	0.000293170877577705	0.00011746821448314	0.000162853187851152	0.000199459171361587	0.000137487754996821				Delta	
24138	T	C	S:T859I	S	1	deer/USA/OH-OSU-1950/2021	1	AY.25	0.0025681768875807	0.0035171365395246	0.00124466365000523	0.00065069467378616	0.00115489714197329				Delta	
21995	G	T	S:Y145D	S	1	deer/USA/OH-OSU-2088/2021	1	AY.103	7.03610106186492e-05								Delta	
12789	T	C	ORF1ab:T4175I	ORF1ab	2	deer/USA/OH-OSU-2326/2021,deer/USA/OH-OSU-2327/2021,deer/USA/OH-OSU-2072/2021	3	AY.103,B.1.617.2	0.000920556555593994	0.000891376451077944	0.00201627756387141	0.00118367573824417	0.00246446800831801	deer/USA/OH-OSU-1214/2021	1	AY.118	Delta	
21614	T	C	S:L18F	S	6	deer/USA/OH-OSU-1114/2021,deer/USA/OH-OSU-1106/2021,deer/USA/OH-OSU-0926/2022,deer/USA/OH-OSU-2307/2021,deer/USA/OH-OSU-0716/2022,deer/USA/OH-OSU-2249/2021,deer/USA/OH-OSU-1243/2021,deer/USA/OH-OSU-1434/2021,deer/USA/OH-OSU-2069/2021,deer/USA/OH-OSU-1734/2021,deer/USA/OH-OSU-2105/2021	11	AY.25,AY.103	0.00241572803124029	0.00271558872305141	0.00236137122384171	0.00268125443469674	0.00313815800780243	deer/USA/OH-OSU-2169/2021,deer/USA/OH-OSU-1214/2021,deer/USA/OH-OSU-1744/2021	3	AY.109,AY.118,AY.75	Delta	
23063	T	A	S:N501Y	S	2	deer/USA/OH-OSU-1793/2021,deer/USA/OH-OSU-2105/2021,deer/USA/OH-OSU-2126/2021	3	AY.44,AY.103	0.000158312273891961	4.83692647871752e-05	5.81618528039829e-05	9.80946744401247e-05	0.00234760341657071	deer/USA/OH-OSU-1839/2021	1	AY.25.1	Delta	
27509	T	C	ORF7a:T39I	ORF7a	2	deer/USA/OH-OSU-1100/2021,deer/USA/OH-OSU-1099/2021,deer/USA/OH-OSU-1111/2021,deer/USA/OH-OSU-1950/2021,deer/USA/OH-OSU-1114/2021,deer/USA/OH-OSU-2011/2021,deer/USA/OH-OSU-1106/2021,deer/USA/OH-OSU-1710/2021	8	AY.25,AY.103	0.000879512632733115	0.000158927584300719	0.000445907538163869	0.00302131597275584	0.000694313162733944	deer/USA/OH-OSU-1744/2021	1	AY.75	Delta	
29666	T	C	ORF10:L37F	ORF10	2	deer/USA/OH-OSU-1703/2021,deer/USA/OH-OSU-1828/2021,deer/USA/OH-OSU-1830/2021,deer/USA/OH-OSU-1833/2021,deer/USA/OH-OSU-1842/2021,deer/USA/OH-OSU-1793/2021,deer/USA/OH-OSU-2156/2021,deer/USA/OH-OSU-2158/2021,deer/USA/OH-OSU-2324/2021	9	AY.44,AY.103	0.000627385678016289	0.000711719181868436	0.0115044144846278	0.000516631952051323	0.00516953958788045	deer/USA/OH-OSU-1144/2021	1	AY.3	Delta	
29666	T	C	ORF10:L37F	ORF10	2	deer/USA/OH-OSU-1459/2021,deer/USA/OH-OSU-1490/2021,deer/USA/OH-OSU-1480/2021,deer/USA/NY-WTD_165681/2021	4	B.1.1.7									Alpha	0.00135868383374998
16537	A	G	ORF1ab:D5425N	ORF1ab	2	deer/USA/OH-OSU-1335/2021,deer/USA/OH-OSU-2153/2021	2	B.1.1.7									Alpha	
7334	T	C	ORF1ab:H2357Y	ORF1ab	3	deer/USA/OH-OSU-1335/2021,deer/USA/OH-OSU-2153/2021,deer/USA/NY-WTD_164487/2021,deer/USA/NY-WTD_164412/2021	4	B.1.1.7									Alpha	7.7415404099711e-05
11195	T	C	ORF1ab:L3644F	ORF1ab	2	deer/USA/NY-WTD_164557/2021,deer/USA/NY-WTD_164472/2021,deer/USA/OH-OSU-1459/2021,deer/USA/NY-WTD_164489/2021,deer/USA/NY-WTD_164468/2021	5	B.1.1.7									Alpha	0.00233463982700702
11750	T	C	ORF1ab:L3829F	ORF1ab	3	deer/USA/NY-WTD_119997/2021,deer/USA/NY-WTD_165892/2021,deer/USA/NY-WTD_165920/2021,deer/USA/NY-WTD_119480/2021,deer/USA/NY-WTD_165681/2021	5	B.1.1.7									Alpha	0.0324318353017722
335	T	C	ORF1ab:R24C	ORF1ab	2	deer/USA/OH-OSU-1459/2021,deer/USA/OH-OSU-1490/2021,deer/USA/OH-OSU-1480/2021,deer/USA/NY-WTD_164487/2021	4	B.1.1.7									Alpha	0.00159962840606032
9711	T	C	ORF1ab:S3149F	ORF1ab	2	deer/USA/NY-WTD_165681/2021,deer/USA/NY-WTD_164487/2021,deer/USA/NY-WTD_164412/2021	3	B.1.1.7									Alpha	0.00020006228025768
12357	T	C	ORF1ab:T4031I	ORF1ab	3	deer/USA/NY-WTD_119997/2021,deer/USA/NY-WTD_165892/2021,deer/USA/NY-WTD_165920/2021,deer/USA/NY-WTD_119567/2021,deer/USA/NY-WTD_149849/2021,deer/USA/NY-WTD_119607/2021,deer/USA/NY-WTD_165681/2021,deer/USA/NY-WTD_164487/2021,deer/USA/NY-WTD_164412/2021	9	B.1.1.7									Alpha	0.00545822090703019
12789	T	C	ORF1ab:T4175I	ORF1ab	3	deer/USA/NY-WTD_149911/2021,deer/USA/OH-OSU-1331/2021,deer/USA/NY-WTD_152918/2021,deer/USA/NY-WTD_164458/2021,deer/USA/NY-WTD_165621/2021	5	B.1.1.7									Alpha	0.00187971559842107
15212	T	C	ORF1ab:T4983I	ORF1ab	2	deer/USA/NY-WTD_155877/2021,deer/USA/OH-OSU-1459/2021,deer/USA/OH-OSU-1490/2021,deer/USA/OH-OSU-1480/2021	4	B.1.1.7									Alpha	
25469	T	C	ORF3a:S26L	ORF3a	2	deer/USA/OH-OSU-1459/2021,deer/USA/OH-OSU-1403/2021	2	B.1.1.7									Alpha	0.00142305169783289
25463	T	C	ORF3a:T24I	ORF3a	2	deer/USA/OH-OSU-1335/2021,deer/USA/OH-OSU-2153/2021,deer/USA/OH-OSU-1338/2021,deer/USA/OH-OSU-1331/2021,deer/USA/OH-OSU-1490/2021,deer/USA/OH-OSU-1480/2021	6	B.1.1.7									Alpha	0.000536688812691255
28011	T	C	ORF8:H40Y	ORF8	2	deer/USA/NY-WTD_164557/2021,deer/USA/NY-WTD_164707/2021,deer/USA/NY-WTD_155877/2021,deer/USA/NY-WTD_164472/2021,deer/USA/NY-WTD_119505/2021,deer/USA/NY-WTD_119480/2021,deer/USA/NY-WTD_164489/2021,deer/USA/NY-WTD_164468/2021,deer/USA/NY-WTD_119459/2021	9	B.1.1.7									Alpha	0.000693259292892918
22712	T	C	S:P384S	S	1	deer/USA/NY-WTD_164468/2021	1	B.1.1.7									Alpha	0.000501895372646441
22299	T	G	S:R246I	S	1	deer/USA/NY-WTD_119505/2021,deer/USA/NY-WTD_119459/2021	2	B.1.1.7									Alpha	0.000171357692220709
25317	T	C	S:S1252F	S	2	deer/USA/NY-WTD_155877/2021,deer/USA/NY-WTD_119997/2021,deer/USA/NY-WTD_165892/2021,deer/USA/NY-WTD_165920/2021	4	B.1.1.7									Alpha	0.000482758980621794
21597	T	C	S:S12F	S	1	deer/USA/NY-WTD_119480/2021	1	B.1.1.7									Alpha	0.00169791987418692
22301	G	A	S:S247G	S	1	deer/USA/NY-WTD_165621/2021	1	B.1.1.7									Alpha	
21648	T	C	S:T29I	S	1	deer/USA/NY-WTD_119567/2021,deer/USA/NY-WTD_149849/2021,deer/USA/NY-WTD_119607/2021	3	B.1.1.7									Alpha	0.000729792404939973
21570	G	T	S:V3G	S	1	deer/USA/OH-OSU-1338/2021	1	B.1.1.7									Alpha	0.000237465228305855
22896	C	T	S:V445A	S	1	deer/USA/NY-WTD_119997/2021,deer/USA/NY-WTD_165892/2021,deer/USA/NY-WTD_165920/2021	3	B.1.1.7									Alpha	9.82914681265994e-05
22305	G	A	S:Y248C	S	1	deer/USA/NY-WTD_164487/2021,deer/USA/NY-WTD_164412/2021	2	B.1.1.7									Alpha	
